Data Venda
quinta-feira, 4 de outubro de 2012
domingo, 1 de janeiro de 2012
quinta-feira, 2 de fevereiro de 2012
s막ado, 3 de maro de 2012
quarta-feira, 4 de abril de 2012
sexta-feira, 4 de maio de 2012
segunda-feira, 4 de junho de 2012
quarta-feira, 4 de julho de 2012
s막ado, 4 de agosto de 2012
terㅡ-feira, 4 de setembro de 2012
domingo, 4 de novembro de 2012
terㅡ-feira, 4 de dezembro de 2012
quarta-feira, 2 de janeiro de 2013
s막ado, 2 de fevereiro de 2013
s막ado, 2 de maro de 2013
terㅡ-feira, 2 de abril de 2013
quinta-feira, 2 de maio de 2013
domingo, 2 de junho de 2013
terㅡ-feira, 2 de julho de 2013
sexta-feira, 2 de agosto de 2013
segunda-feira, 2 de setembro de 2013
quarta-feira, 2 de outubro de 2013
s막ado, 2 de novembro de 2013
segunda-feira, 2 de dezembro de 2013
quarta-feira, 1 de fevereiro de 2012
quinta-feira, 1 de maro de 2012
domingo, 1 de abril de 2012
terㅡ-feira, 1 de maio de 2012
sexta-feira, 1 de junho de 2012
domingo, 1 de julho de 2012
quarta-feira, 1 de agosto de 2012
s막ado, 1 de setembro de 2012
segunda-feira, 1 de outubro de 2012
quinta-feira, 1 de novembro de 2012
s막ado, 1 de dezembro de 2012
quarta-feira, 9 de janeiro de 2013
quinta-feira, 10 de janeiro de 2013
segunda-feira, 11 de fevereiro de 2013
terㅡ-feira, 12 de maro de 2013
quarta-feira, 13 de maro de 2013
quinta-feira, 14 de maro de 2013
segunda-feira, 15 de abril de 2013
terㅡ-feira, 16 de abril de 2013
sexta-feira, 17 de maio de 2013
s막ado, 18 de maio de 2013
domingo, 19 de maio de 2013
quinta-feira, 20 de junho de 2013
domingo, 21 de julho de 2013
segunda-feira, 22 de julho de 2013
segunda-feira, 23 de setembro de 2013
quinta-feira, 24 de outubro de 2013
segunda-feira, 25 de novembro de 2013
terㅡ-feira, 26 de novembro de 2013
quarta-feira, 27 de novembro de 2013
s막ado, 4 de outubro de 2014
quarta-feira, 1 de janeiro de 2014
domingo, 2 de fevereiro de 2014
segunda-feira, 3 de maro de 2014
sexta-feira, 4 de abril de 2014
domingo, 4 de maio de 2014
quarta-feira, 4 de junho de 2014
sexta-feira, 4 de julho de 2014
segunda-feira, 4 de agosto de 2014
quinta-feira, 4 de setembro de 2014
terㅡ-feira, 4 de novembro de 2014
quinta-feira, 4 de dezembro de 2014
sexta-feira, 2 de janeiro de 2015
segunda-feira, 2 de fevereiro de 2015
segunda-feira, 2 de maro de 2015
quinta-feira, 2 de abril de 2015
s막ado, 2 de maio de 2015
terㅡ-feira, 2 de junho de 2015
quinta-feira, 2 de julho de 2015
domingo, 2 de agosto de 2015
quarta-feira, 2 de setembro de 2015
sexta-feira, 2 de outubro de 2015
segunda-feira, 2 de novembro de 2015
quarta-feira, 2 de dezembro de 2015
s막ado, 1 de fevereiro de 2014
s막ado, 1 de maro de 2014
terㅡ-feira, 1 de abril de 2014
quinta-feira, 1 de maio de 2014
domingo, 1 de junho de 2014
terㅡ-feira, 1 de julho de 2014
sexta-feira, 1 de agosto de 2014
segunda-feira, 1 de setembro de 2014
quarta-feira, 1 de outubro de 2014
s막ado, 1 de novembro de 2014
segunda-feira, 1 de dezembro de 2014
sexta-feira, 9 de janeiro de 2015
s막ado, 10 de janeiro de 2015
quarta-feira, 11 de fevereiro de 2015
quinta-feira, 12 de maro de 2015
sexta-feira, 13 de maro de 2015
s막ado, 14 de maro de 2015
quarta-feira, 15 de abril de 2015
quinta-feira, 16 de abril de 2015
domingo, 17 de maio de 2015
segunda-feira, 18 de maio de 2015
terㅡ-feira, 19 de maio de 2015
s막ado, 20 de junho de 2015
terㅡ-feira, 21 de julho de 2015
quarta-feira, 22 de julho de 2015
quarta-feira, 23 de setembro de 2015
s막ado, 24 de outubro de 2015
quarta-feira, 25 de novembro de 2015
quinta-feira, 26 de novembro de 2015
sexta-feira, 27 de novembro de 2015
